{
  "0": {
    "precision": 0.9720104742508001,
    "recall": 0.9526633968290179,
    "f1-score": 0.9622396958437743,
    "support": 17534.0
  },
  "1": {
    "precision": 0.5941320293398533,
    "recall": 0.7163915094339622,
    "f1-score": 0.6495589414595028,
    "support": 1696.0
  },
  "accuracy": 0.9318252730109204,
  "macro avg": {
    "precision": 0.7830712517953267,
    "recall": 0.8345274531314901,
    "f1-score": 0.8058993186516386,
    "support": 19230.0
  },
  "weighted avg": {
    "precision": 0.938683285349658,
    "recall": 0.9318252730109204,
    "f1-score": 0.9346626516713499,
    "support": 19230.0
  }
}