{
  "0": {
    "precision": 0.9779759411095816,
    "recall": 0.9319607619482149,
    "f1-score": 0.9544140408258622,
    "support": 17534.0
  },
  "1": {
    "precision": 0.5267750892502975,
    "recall": 0.7830188679245284,
    "f1-score": 0.6298316338629357,
    "support": 1696.0
  },
  "accuracy": 0.9188247529901196,
  "macro avg": {
    "precision": 0.7523755151799396,
    "recall": 0.8574898149363717,
    "f1-score": 0.7921228373443989,
    "support": 19230.0
  },
  "weighted avg": {
    "precision": 0.9381820438265164,
    "recall": 0.9188247529901196,
    "f1-score": 0.9257873241223198,
    "support": 19230.0
  }
}