{
  "0": {
    "precision": 0.96709813537093,
    "recall": 0.9672636021444052,
    "f1-score": 0.9671808616805908,
    "support": 17534.0
  },
  "1": {
    "precision": 0.6609568812758417,
    "recall": 0.6597877358490566,
    "f1-score": 0.6603717910888167,
    "support": 1696.0
  },
  "accuracy": 0.940145605824233,
  "macro avg": {
    "precision": 0.8140275083233859,
    "recall": 0.813525668996731,
    "f1-score": 0.8137763263847038,
    "support": 19230.0
  },
  "weighted avg": {
    "precision": 0.9400978458781962,
    "recall": 0.940145605824233,
    "f1-score": 0.9401216737594441,
    "support": 19230.0
  }
}